{
    "title": "Ёкарный бабай!",
    "description": "Настольная ролевая игра Глеба Мордовцева в духе безбашенных российских боевиков.",
    "version": "1.1",
    "authors": [
        {
            "name": "Nikita Belov",
            "email": "comAT0Zz@gmail.com",
            "flags": {}
        }
    ],
    "esmodules": [
        "esmodules/system.mjs"
    ],
    "styles": [
        "styles/yokarny-babay.css"
    ],
    "languages": [
        {
            "lang": "ru",
            "name": "Russian",
            "path": "lang/ru.json",
            "flags": {}
        }
    ],
    "packs": [
        {
            "name": "generates",
            "label": "Генерация персонажа",
            "system": "yokarny-babay",
            "path": "packs/generaciya-personazha",
            "type": "RollTable",
            "private": false,
            "flags": {},
            "ownership": {
                "PLAYER": "OBSERVER",
                "ASSISTANT": "OWNER"
            }
        },
        {
            "name": "cities",
            "label": "Твой город",
            "system": "yokarny-babay",
            "path": "packs/cities",
            "type": "Item",
            "private": false,
            "flags": {},
            "ownership": {
                "PLAYER": "OBSERVER",
                "ASSISTANT": "OWNER"
            }
        }
    ],
    "media": [
        {
          "type": "cover",
          "loop": false,
          "flags": {}
        },
        {
          "type": "setup",
          "url": "systems/yokarny-babay/assets/cover.png",
          "thumbnail": "systems/yokarny-babay/assets/cover.png"
        }
    ],
    "url": "https://github.com/comat0zz/fvtt_yokarny_babay",
    "manifest": "https://github.com/comat0zz/fvtt_yokarny_babay/releases/download/vtt13-1.1/system.json",
    "download": "https://github.com/comat0zz/fvtt_yokarny_babay/releases/download/vtt13-1.1/yokarny-babay.zip",
    "id": "yokarny-babay",
    "compatibility": {
        "minimum": "13",
        "verified": "13"
    },
    "documentTypes": {
        "Actor": {
            "hero": { "htmlFields": ["description"] }
        },
        "Item": {
            "city": { "htmlFields": ["description", "notes"] }
        }
    }
}
